file,owning_package,package_declared_from_compiler,static_import_reachable,block_graph_role,reason,observed_build_state,derived_submodule,artifact
sev_compiler/compile/compile/src/error.sev,sev_compiler/compile,yes,no,no direct block-graph integration identified,no dedicated block graph producer/consumer role identified; may support other compiler paths,not analyzed: package resolution failed,unavailable,none produced by this build
sev_compiler/compile/compile/src/lib.sev,sev_compiler/compile,yes,no,no direct block-graph integration identified,no dedicated block graph producer/consumer role identified; may support other compiler paths,not analyzed: package resolution failed,unavailable,none produced by this build
sev_compiler/compile/compile/src/model.sev,sev_compiler/compile,yes,no,no direct block-graph integration identified,no dedicated block graph producer/consumer role identified; may support other compiler paths,not analyzed: package resolution failed,unavailable,none produced by this build
sev_compiler/compile/compile/src/planner.sev,sev_compiler/compile,yes,no,no direct block-graph integration identified,no dedicated block graph producer/consumer role identified; may support other compiler paths,not analyzed: package resolution failed,unavailable,none produced by this build
sev_compiler/compile/compile/src/registry.sev,sev_compiler/compile,yes,no,no direct block-graph integration identified,no dedicated block graph producer/consumer role identified; may support other compiler paths,not analyzed: package resolution failed,unavailable,none produced by this build
sev_compiler/driver/driver/src/config.sev,sev_compiler/driver,yes,no,no direct block-graph integration identified,no dedicated block graph producer/consumer role identified; may support other compiler paths,not analyzed: package resolution failed,unavailable,none produced by this build
sev_compiler/driver/driver/src/directory_tests.sev,sev_compiler/driver,yes,yes,no direct block-graph integration identified,no dedicated block graph producer/consumer role identified; may support other compiler paths,not analyzed: package resolution failed,unavailable,none produced by this build
sev_compiler/driver/driver/src/lib.sev,sev_compiler/driver,yes,no,no direct block-graph integration identified,no dedicated block graph producer/consumer role identified; may support other compiler paths,not analyzed: package resolution failed,unavailable,none produced by this build
sev_compiler/driver/driver/src/main.sev,sev_compiler/driver,yes,no,no direct block-graph integration identified,no dedicated block graph producer/consumer role identified; may support other compiler paths,not analyzed: package resolution failed,unavailable,none produced by this build
sev_compiler/driver/driver/src/package_command.sev,sev_compiler/driver,yes,yes,no direct block-graph integration identified,no dedicated block graph producer/consumer role identified; may support other compiler paths,not analyzed: package resolution failed,unavailable,none produced by this build
sev_compiler/driver/driver/src/package_compiler.sev,sev_compiler/driver,yes,yes,no direct block-graph integration identified,no dedicated block graph producer/consumer role identified; may support other compiler paths,not analyzed: package resolution failed,unavailable,none produced by this build
sev_compiler/driver/driver/src/package_session.sev,sev_compiler/driver,yes,yes,no direct block-graph integration identified,no dedicated block graph producer/consumer role identified; may support other compiler paths,not analyzed: package resolution failed,unavailable,none produced by this build
sev_compiler/driver/driver/src/pipeline/editor.sev,sev_compiler/driver,yes,yes,no direct block-graph integration identified,no dedicated block graph producer/consumer role identified; may support other compiler paths,not analyzed: package resolution failed,unavailable,none produced by this build
sev_compiler/driver/driver/src/pipeline/frontend_archive.sev,sev_compiler/driver,yes,yes,no direct block-graph integration identified,no dedicated block graph producer/consumer role identified; may support other compiler paths,not analyzed: package resolution failed,unavailable,none produced by this build
sev_compiler/driver/driver/src/pipeline/mir_archive.sev,sev_compiler/driver,yes,yes,no direct block-graph integration identified,no dedicated block graph producer/consumer role identified; may support other compiler paths,not analyzed: package resolution failed,unavailable,none produced by this build
sev_compiler/driver/driver/src/pipeline/mod.sev,sev_compiler/driver,yes,no,no direct block-graph integration identified,no dedicated block graph producer/consumer role identified; may support other compiler paths,not analyzed: package resolution failed,unavailable,none produced by this build
sev_compiler/driver/driver/src/pipeline/package_interface.sev,sev_compiler/driver,yes,yes,no direct block-graph integration identified,no dedicated block graph producer/consumer role identified; may support other compiler paths,not analyzed: package resolution failed,unavailable,none produced by this build
sev_compiler/driver/driver/src/pipeline/prelude_package.sev,sev_compiler/driver,yes,yes,no direct block-graph integration identified,no dedicated block graph producer/consumer role identified; may support other compiler paths,not analyzed: package resolution failed,unavailable,none produced by this build
sev_compiler/driver/driver/src/pipeline/quality.sev,sev_compiler/driver,yes,yes,no direct block-graph integration identified,no dedicated block graph producer/consumer role identified; may support other compiler paths,not analyzed: package resolution failed,unavailable,none produced by this build
sev_compiler/driver/driver/src/pipeline/source.sev,sev_compiler/driver,yes,yes,legacy build and inspection branch,--emit blocks returns early; normal path uses semantic_plan then MIR DefinitionGraph,not analyzed: package resolution failed,unavailable,none produced by this build
sev_compiler/driver/driver/src/pipeline/timing.sev,sev_compiler/driver,yes,yes,no direct block-graph integration identified,no dedicated block graph producer/consumer role identified; may support other compiler paths,not analyzed: package resolution failed,unavailable,none produced by this build
sev_compiler/driver/driver/src/profile_analysis.sev,sev_compiler/driver,yes,yes,no direct block-graph integration identified,no dedicated block graph producer/consumer role identified; may support other compiler paths,not analyzed: package resolution failed,unavailable,none produced by this build
sev_compiler/driver/driver/src/profiling.sev,sev_compiler/driver,yes,yes,no direct block-graph integration identified,no dedicated block graph producer/consumer role identified; may support other compiler paths,not analyzed: package resolution failed,unavailable,none produced by this build
sev_compiler/driver/driver/src/test_runner/mod.sev,sev_compiler/driver,yes,no,no direct block-graph integration identified,no dedicated block graph producer/consumer role identified; may support other compiler paths,not analyzed: package resolution failed,unavailable,none produced by this build
sev_compiler/driver/tests/cli_contract.sev,sev_compiler/driver,yes,no,test or example source,"separate fixture/example, not a normal-build source root",not analyzed: package resolution failed,unavailable,none produced by this build
sev_compiler/driver/tests/fixtures/int_add.sev,sev_compiler/driver,yes,no,test or example source,"separate fixture/example, not a normal-build source root",not analyzed: package resolution failed,unavailable,none produced by this build
sev_compiler/frontend/lexer/lexer/src/identifier.sev,sev_compiler/frontend/lexer,yes,yes,no direct block-graph integration identified,no dedicated block graph producer/consumer role identified; may support other compiler paths,not analyzed: package resolution failed,unavailable,none produced by this build
sev_compiler/frontend/lexer/lexer/src/indentation.sev,sev_compiler/frontend/lexer,yes,yes,no direct block-graph integration identified,no dedicated block graph producer/consumer role identified; may support other compiler paths,not analyzed: package resolution failed,unavailable,none produced by this build
sev_compiler/frontend/lexer/lexer/src/lexer.sev,sev_compiler/frontend/lexer,yes,yes,no direct block-graph integration identified,no dedicated block graph producer/consumer role identified; may support other compiler paths,not analyzed: package resolution failed,unavailable,none produced by this build
sev_compiler/frontend/lexer/lexer/src/lib.sev,sev_compiler/frontend/lexer,yes,yes,no direct block-graph integration identified,no dedicated block graph producer/consumer role identified; may support other compiler paths,not analyzed: package resolution failed,unavailable,none produced by this build
sev_compiler/frontend/lexer/lexer/src/number.sev,sev_compiler/frontend/lexer,yes,yes,no direct block-graph integration identified,no dedicated block graph producer/consumer role identified; may support other compiler paths,not analyzed: package resolution failed,unavailable,none produced by this build
sev_compiler/frontend/lexer/lexer/src/rule.sev,sev_compiler/frontend/lexer,yes,yes,no direct block-graph integration identified,no dedicated block graph producer/consumer role identified; may support other compiler paths,not analyzed: package resolution failed,unavailable,none produced by this build
sev_compiler/frontend/lexer/lexer/src/runtime.sev,sev_compiler/frontend/lexer,yes,yes,no direct block-graph integration identified,no dedicated block graph producer/consumer role identified; may support other compiler paths,not analyzed: package resolution failed,unavailable,none produced by this build
sev_compiler/frontend/lexer/lexer/src/scanner/mod.sev,sev_compiler/frontend/lexer,yes,yes,discovery support,bootstrap scanning defers primitive construction; normal scanning accepts provider lists,not analyzed: package resolution failed,unavailable,none produced by this build
sev_compiler/frontend/lexer/lexer/src/string.sev,sev_compiler/frontend/lexer,yes,yes,no direct block-graph integration identified,no dedicated block graph producer/consumer role identified; may support other compiler paths,not analyzed: package resolution failed,unavailable,none produced by this build
sev_compiler/frontend/lexer/lexer/src/symbol.sev,sev_compiler/frontend/lexer,yes,yes,no direct block-graph integration identified,no dedicated block graph producer/consumer role identified; may support other compiler paths,not analyzed: package resolution failed,unavailable,none produced by this build
sev_compiler/frontend/lexer/lexer/src/syntax/mod.sev,sev_compiler/frontend/lexer,yes,yes,no direct block-graph integration identified,no dedicated block graph producer/consumer role identified; may support other compiler paths,not analyzed: package resolution failed,unavailable,none produced by this build
sev_compiler/frontend/lexer/lexer/src/token/mod.sev,sev_compiler/frontend/lexer,yes,yes,literal support,uses supplied primitive literal bindings,not analyzed: package resolution failed,unavailable,none produced by this build
sev_compiler/frontend/lexer/lexer/src/trivia.sev,sev_compiler/frontend/lexer,yes,yes,no direct block-graph integration identified,no dedicated block graph producer/consumer role identified; may support other compiler paths,not analyzed: package resolution failed,unavailable,none produced by this build
sev_compiler/frontend/modules/graph/model.sev,sev_compiler/frontend/modules,yes,no,legacy definition graph,separate declaration graph with preassigned submodule IDs,not analyzed: package resolution failed,unavailable,none produced by this build
sev_compiler/frontend/modules/graph/queries.sev,sev_compiler/frontend/modules,yes,no,legacy SCC pass,DefinitionGraph SCCs; cross-submodule edges deliberately skipped,not analyzed: package resolution failed,unavailable,none produced by this build
sev_compiler/frontend/modules/graph/verify.sev,sev_compiler/frontend/modules,yes,no,legacy graph verification,"validates DefinitionGraph, not BlockGraph",not analyzed: package resolution failed,unavailable,none produced by this build
sev_compiler/frontend/modules/modules/src/identity.sev,sev_compiler/frontend/modules,yes,yes,no direct block-graph integration identified,no dedicated block graph producer/consumer role identified; may support other compiler paths,not analyzed: package resolution failed,unavailable,none produced by this build
sev_compiler/frontend/modules/modules/src/imports.sev,sev_compiler/frontend/modules,yes,yes,no direct block-graph integration identified,no dedicated block graph producer/consumer role identified; may support other compiler paths,not analyzed: package resolution failed,unavailable,none produced by this build
sev_compiler/frontend/modules/modules/src/lexical.sev,sev_compiler/frontend/modules,yes,yes,no direct block-graph integration identified,no dedicated block graph producer/consumer role identified; may support other compiler paths,not analyzed: package resolution failed,unavailable,none produced by this build
sev_compiler/frontend/modules/modules/src/lib.sev,sev_compiler/frontend/modules,yes,no,no direct block-graph integration identified,no dedicated block graph producer/consumer role identified; may support other compiler paths,not analyzed: package resolution failed,unavailable,none produced by this build
sev_compiler/frontend/modules/modules/src/semantic_interface.sev,sev_compiler/frontend/modules,yes,yes,no direct block-graph integration identified,no dedicated block graph producer/consumer role identified; may support other compiler paths,not analyzed: package resolution failed,unavailable,none produced by this build
sev_compiler/frontend/modules/modules/src/source.sev,sev_compiler/frontend/modules,yes,yes,no direct block-graph integration identified,no dedicated block graph producer/consumer role identified; may support other compiler paths,not analyzed: package resolution failed,unavailable,none produced by this build
sev_compiler/frontend/modules/tests/imports.sev,sev_compiler/frontend/modules,yes,no,test or example source,"separate fixture/example, not a normal-build source root",not analyzed: package resolution failed,unavailable,none produced by this build
sev_compiler/frontend/parser/parser/src/block.sev,sev_compiler/frontend/parser,yes,yes,structural discovery,"parse_blocks/format_blocks; inspection path, not normal build graph construction",not analyzed: package resolution failed,unavailable,none produced by this build
sev_compiler/frontend/parser/parser/src/lib.sev,sev_compiler/frontend/parser,yes,yes,no direct block-graph integration identified,no dedicated block graph producer/consumer role identified; may support other compiler paths,not analyzed: package resolution failed,unavailable,none produced by this build
sev_compiler/frontend/parser/parser/src/statement/mod.sev,sev_compiler/frontend/parser,yes,yes,no direct block-graph integration identified,no dedicated block graph producer/consumer role identified; may support other compiler paths,not analyzed: package resolution failed,unavailable,none produced by this build
sev_compiler/frontend/parser/tests/imports.sev,sev_compiler/frontend/parser,yes,no,test or example source,"separate fixture/example, not a normal-build source root",not analyzed: package resolution failed,unavailable,none produced by this build
sev_compiler/frontend/semantic/semantic/src/callable/semantic_ir_tests.sev,sev_compiler/frontend/semantic,yes,no,no direct block-graph integration identified,no dedicated block graph producer/consumer role identified; may support other compiler paths,not analyzed: package resolution failed,unavailable,none produced by this build
sev_compiler/frontend/semantic/semantic/src/callable/tests/01_semantic_match.sev,sev_compiler/frontend/semantic,yes,no,test or example source,"separate fixture/example, not a normal-build source root",not analyzed: package resolution failed,unavailable,none produced by this build
sev_compiler/frontend/semantic/semantic/src/callable/tests/02_trait_operator_resolution.sev,sev_compiler/frontend/semantic,yes,no,test or example source,"separate fixture/example, not a normal-build source root",not analyzed: package resolution failed,unavailable,none produced by this build
sev_compiler/frontend/semantic/semantic/src/callable/tests/families.sev,sev_compiler/frontend/semantic,yes,no,test or example source,"separate fixture/example, not a normal-build source root",not analyzed: package resolution failed,unavailable,none produced by this build
sev_compiler/frontend/semantic/semantic/src/callable/tests/fixtures/constants.sev,sev_compiler/frontend/semantic,yes,no,test or example source,"separate fixture/example, not a normal-build source root",not analyzed: package resolution failed,unavailable,none produced by this build
sev_compiler/frontend/semantic/semantic/src/callable/tests/imports.sev,sev_compiler/frontend/semantic,yes,no,test or example source,"separate fixture/example, not a normal-build source root",not analyzed: package resolution failed,unavailable,none produced by this build
sev_compiler/frontend/semantic/semantic/src/callable/tests/loops.sev,sev_compiler/frontend/semantic,yes,no,test or example source,"separate fixture/example, not a normal-build source root",not analyzed: package resolution failed,unavailable,none produced by this build
sev_compiler/frontend/semantic/semantic/src/callable/tests/matches.sev,sev_compiler/frontend/semantic,yes,no,test or example source,"separate fixture/example, not a normal-build source root",not analyzed: package resolution failed,unavailable,none produced by this build
sev_compiler/frontend/semantic/semantic/src/callable/tests/methods.sev,sev_compiler/frontend/semantic,yes,no,test or example source,"separate fixture/example, not a normal-build source root",not analyzed: package resolution failed,unavailable,none produced by this build
sev_compiler/frontend/semantic/semantic/src/callable/tests/owned_fields.sev,sev_compiler/frontend/semantic,yes,no,test or example source,"separate fixture/example, not a normal-build source root",not analyzed: package resolution failed,unavailable,none produced by this build
sev_compiler/frontend/semantic/semantic/src/callable/tests/private.sev,sev_compiler/frontend/semantic,yes,no,test or example source,"separate fixture/example, not a normal-build source root",not analyzed: package resolution failed,unavailable,none produced by this build
sev_compiler/frontend/semantic/semantic/src/callable/tests/ranges.sev,sev_compiler/frontend/semantic,yes,no,test or example source,"separate fixture/example, not a normal-build source root",not analyzed: package resolution failed,unavailable,none produced by this build
sev_compiler/frontend/semantic/semantic/src/callable/tests/receivers.sev,sev_compiler/frontend/semantic,yes,no,test or example source,"separate fixture/example, not a normal-build source root",not analyzed: package resolution failed,unavailable,none produced by this build
sev_compiler/frontend/semantic/semantic/src/callable/tests/reject/generic_conflict.sev,sev_compiler/frontend/semantic,yes,no,test or example source,"separate fixture/example, not a normal-build source root",not analyzed: package resolution failed,unavailable,none produced by this build
sev_compiler/frontend/semantic/semantic/src/callable/tests/reject/match_after_wildcard.sev,sev_compiler/frontend/semantic,yes,no,test or example source,"separate fixture/example, not a normal-build source root",not analyzed: package resolution failed,unavailable,none produced by this build
sev_compiler/frontend/semantic/semantic/src/callable/tests/reject/match_missing_case.sev,sev_compiler/frontend/semantic,yes,no,test or example source,"separate fixture/example, not a normal-build source root",not analyzed: package resolution failed,unavailable,none produced by this build
sev_compiler/frontend/semantic/semantic/src/callable/tests/reject/match_pattern.sev,sev_compiler/frontend/semantic,yes,no,test or example source,"separate fixture/example, not a normal-build source root",not analyzed: package resolution failed,unavailable,none produced by this build
sev_compiler/frontend/semantic/semantic/src/callable/tests/reject/match_return.sev,sev_compiler/frontend/semantic,yes,no,test or example source,"separate fixture/example, not a normal-build source root",not analyzed: package resolution failed,unavailable,none produced by this build
sev_compiler/frontend/semantic/semantic/src/callable/tests/reject/match_scope.sev,sev_compiler/frontend/semantic,yes,no,test or example source,"separate fixture/example, not a normal-build source root",not analyzed: package resolution failed,unavailable,none produced by this build
sev_compiler/frontend/semantic/semantic/src/callable/tests/reject/match_type.sev,sev_compiler/frontend/semantic,yes,no,test or example source,"separate fixture/example, not a normal-build source root",not analyzed: package resolution failed,unavailable,none produced by this build
sev_compiler/frontend/semantic/semantic/src/callable/tests/reject/recursive_records.sev,sev_compiler/frontend/semantic,yes,no,test or example source,"separate fixture/example, not a normal-build source root",not analyzed: package resolution failed,unavailable,none produced by this build
sev_compiler/frontend/semantic/semantic/src/callable/tests/reject/trait_cycle.sev,sev_compiler/frontend/semantic,yes,no,test or example source,"separate fixture/example, not a normal-build source root",not analyzed: package resolution failed,unavailable,none produced by this build
sev_compiler/frontend/semantic/semantic/src/callable/tests/reject/trait_duplicate_operator.sev,sev_compiler/frontend/semantic,yes,no,test or example source,"separate fixture/example, not a normal-build source root",not analyzed: package resolution failed,unavailable,none produced by this build
sev_compiler/frontend/semantic/semantic/src/callable/tests/reject/trait_method_is_not_operator.sev,sev_compiler/frontend/semantic,yes,no,test or example source,"separate fixture/example, not a normal-build source root",not analyzed: package resolution failed,unavailable,none produced by this build
sev_compiler/frontend/semantic/semantic/src/callable/tests/reject/trait_missing_member.sev,sev_compiler/frontend/semantic,yes,no,test or example source,"separate fixture/example, not a normal-build source root",not analyzed: package resolution failed,unavailable,none produced by this build
sev_compiler/frontend/semantic/semantic/src/callable/tests/reject/trait_unknown.sev,sev_compiler/frontend/semantic,yes,no,test or example source,"separate fixture/example, not a normal-build source root",not analyzed: package resolution failed,unavailable,none produced by this build
sev_compiler/frontend/semantic/semantic/src/callable/tests/reject/trait_unsatisfied.sev,sev_compiler/frontend/semantic,yes,no,test or example source,"separate fixture/example, not a normal-build source root",not analyzed: package resolution failed,unavailable,none produced by this build
sev_compiler/frontend/semantic/semantic/src/callable/tests/reject/trait_wrong_result.sev,sev_compiler/frontend/semantic,yes,no,test or example source,"separate fixture/example, not a normal-build source root",not analyzed: package resolution failed,unavailable,none produced by this build
sev_compiler/frontend/semantic/semantic/src/callable/tests/reject/type_alias_cycle.sev,sev_compiler/frontend/semantic,yes,no,test or example source,"separate fixture/example, not a normal-build source root",not analyzed: package resolution failed,unavailable,none produced by this build
sev_compiler/frontend/semantic/semantic/src/callable/tests/strings.sev,sev_compiler/frontend/semantic,yes,no,test or example source,"separate fixture/example, not a normal-build source root",not analyzed: package resolution failed,unavailable,none produced by this build
sev_compiler/frontend/semantic/semantic/src/callable/tests/traits.sev,sev_compiler/frontend/semantic,yes,no,test or example source,"separate fixture/example, not a normal-build source root",not analyzed: package resolution failed,unavailable,none produced by this build
sev_compiler/frontend/semantic/semantic/src/callable/tests/values.sev,sev_compiler/frontend/semantic,yes,no,test or example source,"separate fixture/example, not a normal-build source root",not analyzed: package resolution failed,unavailable,none produced by this build
sev_compiler/frontend/semantic/semantic/src/callable.sev,sev_compiler/frontend/semantic,yes,yes,no direct block-graph integration identified,no dedicated block graph producer/consumer role identified; may support other compiler paths,not analyzed: package resolution failed,unavailable,none produced by this build
sev_compiler/frontend/semantic/semantic/src/callable_index.sev,sev_compiler/frontend/semantic,yes,yes,no direct block-graph integration identified,no dedicated block graph producer/consumer role identified; may support other compiler paths,not analyzed: package resolution failed,unavailable,none produced by this build
sev_compiler/frontend/semantic/semantic/src/closures.sev,sev_compiler/frontend/semantic,yes,yes,no direct block-graph integration identified,no dedicated block graph producer/consumer role identified; may support other compiler paths,not analyzed: package resolution failed,unavailable,none produced by this build
sev_compiler/frontend/semantic/semantic/src/compiler_cases.sev,sev_compiler/frontend/semantic,yes,yes,no direct block-graph integration identified,no dedicated block graph producer/consumer role identified; may support other compiler paths,not analyzed: package resolution failed,unavailable,none produced by this build
sev_compiler/frontend/semantic/semantic/src/constraints.sev,sev_compiler/frontend/semantic,yes,yes,no direct block-graph integration identified,no dedicated block graph producer/consumer role identified; may support other compiler paths,not analyzed: package resolution failed,unavailable,none produced by this build
sev_compiler/frontend/semantic/semantic/src/construction.sev,sev_compiler/frontend/semantic,yes,yes,no direct block-graph integration identified,no dedicated block graph producer/consumer role identified; may support other compiler paths,not analyzed: package resolution failed,unavailable,none produced by this build
sev_compiler/frontend/semantic/semantic/src/definitions.sev,sev_compiler/frontend/semantic,yes,yes,no direct block-graph integration identified,no dedicated block graph producer/consumer role identified; may support other compiler paths,not analyzed: package resolution failed,unavailable,none produced by this build
sev_compiler/frontend/semantic/semantic/src/expansion.sev,sev_compiler/frontend/semantic,yes,yes,no direct block-graph integration identified,no dedicated block graph producer/consumer role identified; may support other compiler paths,not analyzed: package resolution failed,unavailable,none produced by this build
sev_compiler/frontend/semantic/semantic/src/grammar_scalar.sev,sev_compiler/frontend/semantic,yes,yes,no direct block-graph integration identified,no dedicated block graph producer/consumer role identified; may support other compiler paths,not analyzed: package resolution failed,unavailable,none produced by this build
sev_compiler/frontend/semantic/semantic/src/lazy_bodies.sev,sev_compiler/frontend/semantic,yes,yes,no direct block-graph integration identified,no dedicated block graph producer/consumer role identified; may support other compiler paths,not analyzed: package resolution failed,unavailable,none produced by this build
sev_compiler/frontend/semantic/semantic/src/lib.sev,sev_compiler/frontend/semantic,yes,yes,no direct block-graph integration identified,no dedicated block graph producer/consumer role identified; may support other compiler paths,not analyzed: package resolution failed,unavailable,none produced by this build
sev_compiler/frontend/semantic/semantic/src/macros.sev,sev_compiler/frontend/semantic,yes,yes,no direct block-graph integration identified,no dedicated block graph producer/consumer role identified; may support other compiler paths,not analyzed: package resolution failed,unavailable,none produced by this build
sev_compiler/frontend/semantic/semantic/src/match.sev,sev_compiler/frontend/semantic,yes,yes,no direct block-graph integration identified,no dedicated block graph producer/consumer role identified; may support other compiler paths,not analyzed: package resolution failed,unavailable,none produced by this build
sev_compiler/frontend/semantic/semantic/src/package/generic.sev,sev_compiler/frontend/semantic,yes,no,no direct block-graph integration identified,no dedicated block graph producer/consumer role identified; may support other compiler paths,not analyzed: package resolution failed,unavailable,none produced by this build
sev_compiler/frontend/semantic/semantic/src/package/tests.sev,sev_compiler/frontend/semantic,yes,no,no direct block-graph integration identified,no dedicated block graph producer/consumer role identified; may support other compiler paths,not analyzed: package resolution failed,unavailable,none produced by this build
sev_compiler/frontend/semantic/semantic/src/package.sev,sev_compiler/frontend/semantic,yes,no,no direct block-graph integration identified,no dedicated block graph producer/consumer role identified; may support other compiler paths,not analyzed: package resolution failed,unavailable,none produced by this build
sev_compiler/frontend/semantic/semantic/src/packs.sev,sev_compiler/frontend/semantic,yes,yes,no direct block-graph integration identified,no dedicated block graph producer/consumer role identified; may support other compiler paths,not analyzed: package resolution failed,unavailable,none produced by this build
sev_compiler/frontend/semantic/semantic/src/scalar/tests/functions.sev,sev_compiler/frontend/semantic,yes,no,test or example source,"separate fixture/example, not a normal-build source root",not analyzed: package resolution failed,unavailable,none produced by this build
sev_compiler/frontend/semantic/semantic/src/scalar/tests/packs.sev,sev_compiler/frontend/semantic,yes,no,test or example source,"separate fixture/example, not a normal-build source root",not analyzed: package resolution failed,unavailable,none produced by this build
sev_compiler/frontend/semantic/semantic/src/scalar/tests/values.sev,sev_compiler/frontend/semantic,yes,no,test or example source,"separate fixture/example, not a normal-build source root",not analyzed: package resolution failed,unavailable,none produced by this build
sev_compiler/frontend/semantic/semantic/src/test_modes.sev,sev_compiler/frontend/semantic,yes,yes,no direct block-graph integration identified,no dedicated block graph producer/consumer role identified; may support other compiler paths,not analyzed: package resolution failed,unavailable,none produced by this build
sev_compiler/frontend/semantic/semantic/src/with.sev,sev_compiler/frontend/semantic,yes,yes,no direct block-graph integration identified,no dedicated block graph producer/consumer role identified; may support other compiler paths,not analyzed: package resolution failed,unavailable,none produced by this build
sev_compiler/frontend/semantic/tests/callable_index.sev,sev_compiler/frontend/semantic,yes,no,test or example source,"separate fixture/example, not a normal-build source root",not analyzed: package resolution failed,unavailable,none produced by this build
sev_compiler/frontend/source/source.sev,sev_compiler/frontend/source,yes,yes,no direct block-graph integration identified,no dedicated block graph producer/consumer role identified; may support other compiler paths,not analyzed: package resolution failed,unavailable,none produced by this build
sev_compiler/hir/block/dependencies.sev,sev_compiler/hir,no,no,dormant block graph API,index/resolve/consume APIs; indexing calls currently only in its inline tests,not analyzed: package resolution failed,unavailable,none produced by this build
sev_compiler/hir/hir/src/lib.sev,sev_compiler/hir,no,no,dormant block graph export,exports HIR block API; HIR package has no incoming declared compiler dependency,not analyzed: package resolution failed,unavailable,none produced by this build
sev_compiler/hir/module/hierarchy.sev,sev_compiler/hir,no,no,legacy hierarchy bridge,builds provenance from already-resolved bodies; not block-first partitioning,not analyzed: package resolution failed,unavailable,none produced by this build
sev_compiler/hir/module/module.sev,sev_compiler/hir,no,no,empty block graph carrier,Program.blocks defaults to BlockGraph(); no production population found,not analyzed: package resolution failed,unavailable,none produced by this build
sev_compiler/lir/lowering/lowering/src/lib.sev,sev_compiler/lir/lowering,no,no,no direct block-graph integration identified,no dedicated block graph producer/consumer role identified; may support other compiler paths,not analyzed: package resolution failed,unavailable,none produced by this build
sev_compiler/lir/mlir/build.sev,sev_compiler/lir/mlir,yes,no,no direct block-graph integration identified,no dedicated block graph producer/consumer role identified; may support other compiler paths,not analyzed: package resolution failed,unavailable,none produced by this build
sev_compiler/lir/mlir/examples/typed_module.sev,sev_compiler/lir/mlir,yes,no,test or example source,"separate fixture/example, not a normal-build source root",not analyzed: package resolution failed,unavailable,none produced by this build
sev_compiler/lir/mlir/mlir/src/emit/callable.sev,sev_compiler/lir/mlir,yes,yes,no direct block-graph integration identified,no dedicated block graph producer/consumer role identified; may support other compiler paths,not analyzed: package resolution failed,unavailable,none produced by this build
sev_compiler/lir/mlir/mlir/src/emit/debug.sev,sev_compiler/lir/mlir,yes,yes,no direct block-graph integration identified,no dedicated block graph producer/consumer role identified; may support other compiler paths,not analyzed: package resolution failed,unavailable,none produced by this build
sev_compiler/lir/mlir/mlir/src/emit/mod.sev,sev_compiler/lir/mlir,yes,no,no direct block-graph integration identified,no dedicated block graph producer/consumer role identified; may support other compiler paths,not analyzed: package resolution failed,unavailable,none produced by this build
sev_compiler/lir/mlir/mlir/src/emit/numeric_comparison.sev,sev_compiler/lir/mlir,yes,yes,no direct block-graph integration identified,no dedicated block graph producer/consumer role identified; may support other compiler paths,not analyzed: package resolution failed,unavailable,none produced by this build
sev_compiler/lir/mlir/mlir/src/emit/strings.sev,sev_compiler/lir/mlir,yes,yes,no direct block-graph integration identified,no dedicated block graph producer/consumer role identified; may support other compiler paths,not analyzed: package resolution failed,unavailable,none produced by this build
sev_compiler/lir/mlir/mlir/src/ir/builder.sev,sev_compiler/lir/mlir,yes,yes,no direct block-graph integration identified,no dedicated block graph producer/consumer role identified; may support other compiler paths,not analyzed: package resolution failed,unavailable,none produced by this build
sev_compiler/lir/mlir/mlir/src/ir/lib.sev,sev_compiler/lir/mlir,yes,yes,no direct block-graph integration identified,no dedicated block graph producer/consumer role identified; may support other compiler paths,not analyzed: package resolution failed,unavailable,none produced by this build
sev_compiler/lir/mlir/mlir/src/ir/model.sev,sev_compiler/lir/mlir,yes,yes,no direct block-graph integration identified,no dedicated block graph producer/consumer role identified; may support other compiler paths,not analyzed: package resolution failed,unavailable,none produced by this build
sev_compiler/lir/mlir/mlir/src/ir/tests.sev,sev_compiler/lir/mlir,yes,no,no direct block-graph integration identified,no dedicated block graph producer/consumer role identified; may support other compiler paths,not analyzed: package resolution failed,unavailable,none produced by this build
sev_compiler/lir/mlir/mlir/src/ir/text.sev,sev_compiler/lir/mlir,yes,yes,no direct block-graph integration identified,no dedicated block graph producer/consumer role identified; may support other compiler paths,not analyzed: package resolution failed,unavailable,none produced by this build
sev_compiler/lir/mlir/mlir/src/ir/validate.sev,sev_compiler/lir/mlir,yes,yes,no direct block-graph integration identified,no dedicated block graph producer/consumer role identified; may support other compiler paths,not analyzed: package resolution failed,unavailable,none produced by this build
sev_compiler/lir/mlir/mlir/src/lib.sev,sev_compiler/lir/mlir,yes,no,no direct block-graph integration identified,no dedicated block graph producer/consumer role identified; may support other compiler paths,not analyzed: package resolution failed,unavailable,none produced by this build
sev_compiler/lir/mlir/mlir/src/verify.sev,sev_compiler/lir/mlir,yes,no,no direct block-graph integration identified,no dedicated block graph producer/consumer role identified; may support other compiler paths,not analyzed: package resolution failed,unavailable,none produced by this build
sev_compiler/mir/cfg/availability.sev,sev_compiler/mir/cfg,yes,no,no direct block-graph integration identified,no dedicated block graph producer/consumer role identified; may support other compiler paths,not analyzed: package resolution failed,unavailable,none produced by this build
sev_compiler/mir/cfg/block.sev,sev_compiler/mir/cfg,yes,no,no direct block-graph integration identified,no dedicated block graph producer/consumer role identified; may support other compiler paths,not analyzed: package resolution failed,unavailable,none produced by this build
sev_compiler/mir/cfg/branch.sev,sev_compiler/mir/cfg,yes,yes,no direct block-graph integration identified,no dedicated block graph producer/consumer role identified; may support other compiler paths,not analyzed: package resolution failed,unavailable,none produced by this build
sev_compiler/mir/cfg/cfg.sev,sev_compiler/mir/cfg,yes,yes,no direct block-graph integration identified,no dedicated block graph producer/consumer role identified; may support other compiler paths,not analyzed: package resolution failed,unavailable,none produced by this build
sev_compiler/mir/cfg/control_flow.sev,sev_compiler/mir/cfg,yes,yes,no direct block-graph integration identified,no dedicated block graph producer/consumer role identified; may support other compiler paths,not analyzed: package resolution failed,unavailable,none produced by this build
sev_compiler/mir/cfg/dominance.sev,sev_compiler/mir/cfg,yes,no,no direct block-graph integration identified,no dedicated block graph producer/consumer role identified; may support other compiler paths,not analyzed: package resolution failed,unavailable,none produced by this build
sev_compiler/mir/cfg/effects.sev,sev_compiler/mir/cfg,yes,yes,no direct block-graph integration identified,no dedicated block graph producer/consumer role identified; may support other compiler paths,not analyzed: package resolution failed,unavailable,none produced by this build
sev_compiler/mir/cfg/lazy.sev,sev_compiler/mir/cfg,yes,yes,no direct block-graph integration identified,no dedicated block graph producer/consumer role identified; may support other compiler paths,not analyzed: package resolution failed,unavailable,none produced by this build
sev_compiler/mir/mir/src/agent_ir.sev,sev_compiler/mir,yes,yes,no direct block-graph integration identified,no dedicated block graph producer/consumer role identified; may support other compiler paths,not analyzed: package resolution failed,unavailable,none produced by this build
sev_compiler/mir/mir/src/aggregate.sev,sev_compiler/mir,yes,yes,no direct block-graph integration identified,no dedicated block graph producer/consumer role identified; may support other compiler paths,not analyzed: package resolution failed,unavailable,none produced by this build
sev_compiler/mir/mir/src/build/mod.sev,sev_compiler/mir,yes,no,no direct block-graph integration identified,no dedicated block graph producer/consumer role identified; may support other compiler paths,not analyzed: package resolution failed,unavailable,none produced by this build
sev_compiler/mir/mir/src/callable.sev,sev_compiler/mir,yes,yes,no direct block-graph integration identified,no dedicated block graph producer/consumer role identified; may support other compiler paths,not analyzed: package resolution failed,unavailable,none produced by this build
sev_compiler/mir/mir/src/cfg.sev,sev_compiler/mir,yes,yes,no direct block-graph integration identified,no dedicated block graph producer/consumer role identified; may support other compiler paths,not analyzed: package resolution failed,unavailable,none produced by this build
sev_compiler/mir/mir/src/hierarchy_ir.sev,sev_compiler/mir,yes,yes,no direct block-graph integration identified,no dedicated block graph producer/consumer role identified; may support other compiler paths,not analyzed: package resolution failed,unavailable,none produced by this build
sev_compiler/mir/mir/src/lib.sev,sev_compiler/mir,yes,no,no direct block-graph integration identified,no dedicated block graph producer/consumer role identified; may support other compiler paths,not analyzed: package resolution failed,unavailable,none produced by this build
sev_compiler/mir/mir/src/passes.sev,sev_compiler/mir,yes,no,no direct block-graph integration identified,no dedicated block graph producer/consumer role identified; may support other compiler paths,not analyzed: package resolution failed,unavailable,none produced by this build
sev_compiler/mir/mir/src/quality.sev,sev_compiler/mir,yes,yes,no direct block-graph integration identified,no dedicated block graph producer/consumer role identified; may support other compiler paths,not analyzed: package resolution failed,unavailable,none produced by this build
sev_compiler/mir/mir/src/semantic_graph.sev,sev_compiler/mir,yes,yes,legacy graph builder,derives callable/trait dependencies after MIR lowering,not analyzed: package resolution failed,unavailable,none produced by this build
sev_compiler/mir/mir/src/verify.sev,sev_compiler/mir,yes,no,no direct block-graph integration identified,no dedicated block graph producer/consumer role identified; may support other compiler paths,not analyzed: package resolution failed,unavailable,none produced by this build
sev_compiler/mir/ownership/ownership/src/cfg.sev,sev_compiler/mir/ownership,yes,yes,no direct block-graph integration identified,no dedicated block graph producer/consumer role identified; may support other compiler paths,not analyzed: package resolution failed,unavailable,none produced by this build
sev_compiler/mir/ownership/ownership/src/effects.sev,sev_compiler/mir/ownership,yes,yes,no direct block-graph integration identified,no dedicated block graph producer/consumer role identified; may support other compiler paths,not analyzed: package resolution failed,unavailable,none produced by this build
sev_compiler/mir/ownership/ownership/src/initialization.sev,sev_compiler/mir/ownership,yes,yes,no direct block-graph integration identified,no dedicated block graph producer/consumer role identified; may support other compiler paths,not analyzed: package resolution failed,unavailable,none produced by this build
sev_compiler/mir/ownership/ownership/src/lib.sev,sev_compiler/mir/ownership,yes,no,no direct block-graph integration identified,no dedicated block graph producer/consumer role identified; may support other compiler paths,not analyzed: package resolution failed,unavailable,none produced by this build
sev_compiler/mir/ownership/ownership/src/loans.sev,sev_compiler/mir/ownership,yes,yes,no direct block-graph integration identified,no dedicated block graph producer/consumer role identified; may support other compiler paths,not analyzed: package resolution failed,unavailable,none produced by this build
sev_compiler/mir/ownership/ownership/src/places.sev,sev_compiler/mir/ownership,yes,yes,no direct block-graph integration identified,no dedicated block graph producer/consumer role identified; may support other compiler paths,not analyzed: package resolution failed,unavailable,none produced by this build
sev_compiler/mir/ownership/ownership/src/plan.sev,sev_compiler/mir/ownership,yes,yes,no direct block-graph integration identified,no dedicated block graph producer/consumer role identified; may support other compiler paths,not analyzed: package resolution failed,unavailable,none produced by this build
sev_compiler/mir/ownership/ownership/src/provenance.sev,sev_compiler/mir/ownership,yes,yes,no direct block-graph integration identified,no dedicated block graph producer/consumer role identified; may support other compiler paths,not analyzed: package resolution failed,unavailable,none produced by this build
sev_compiler/mir/ownership/ownership/src/validate/mod.sev,sev_compiler/mir/ownership,yes,no,no direct block-graph integration identified,no dedicated block graph producer/consumer role identified; may support other compiler paths,not analyzed: package resolution failed,unavailable,none produced by this build
sev_compiler/pipeline.sev,sev_compiler,yes,no,no direct block-graph integration identified,no dedicated block graph producer/consumer role identified; may support other compiler paths,not analyzed: package resolution failed,unavailable,none produced by this build
sev_compiler/sev_compiler/src/main.sev,sev_compiler,yes,yes,inspection entry,--emit blocks dispatch; normal compile path remains separate,not analyzed: package resolution failed,unavailable,none produced by this build
sev_compiler/syntax/block/block.sev,sev_compiler/syntax,yes,yes,block model,"B, Block, BlockFile and supplied BlockSyntax declarations",not analyzed: package resolution failed,unavailable,none produced by this build
sev_compiler/syntax/constraint/dispatch.sev,sev_compiler/syntax,yes,no,no direct block-graph integration identified,no dedicated block graph producer/consumer role identified; may support other compiler paths,not analyzed: package resolution failed,unavailable,none produced by this build
sev_compiler/syntax/constraint/graph.sev,sev_compiler/syntax,yes,no,no direct block-graph integration identified,no dedicated block graph producer/consumer role identified; may support other compiler paths,not analyzed: package resolution failed,unavailable,none produced by this build
sev_compiler/syntax/constraint/model.sev,sev_compiler/syntax,yes,yes,no direct block-graph integration identified,no dedicated block graph producer/consumer role identified; may support other compiler paths,not analyzed: package resolution failed,unavailable,none produced by this build
sev_compiler/syntax/constraint/proof.sev,sev_compiler/syntax,yes,no,no direct block-graph integration identified,no dedicated block graph producer/consumer role identified; may support other compiler paths,not analyzed: package resolution failed,unavailable,none produced by this build
sev_compiler/syntax/constraint/refinement.sev,sev_compiler/syntax,yes,no,no direct block-graph integration identified,no dedicated block graph producer/consumer role identified; may support other compiler paths,not analyzed: package resolution failed,unavailable,none produced by this build
sev_compiler/syntax/diagnostics/diagnostics/src/lib.sev,sev_compiler/syntax/diagnostics,yes,yes,no direct block-graph integration identified,no dedicated block graph producer/consumer role identified; may support other compiler paths,not analyzed: package resolution failed,unavailable,none produced by this build
sev_compiler/syntax/function/function.sev,sev_compiler/syntax,yes,yes,no direct block-graph integration identified,no dedicated block graph producer/consumer role identified; may support other compiler paths,not analyzed: package resolution failed,unavailable,none produced by this build
sev_compiler/syntax/function/lowering.sev,sev_compiler/syntax,yes,yes,no direct block-graph integration identified,no dedicated block graph producer/consumer role identified; may support other compiler paths,not analyzed: package resolution failed,unavailable,none produced by this build
sev_compiler/syntax/function/syntax.sev,sev_compiler/syntax,yes,yes,no direct block-graph integration identified,no dedicated block graph producer/consumer role identified; may support other compiler paths,not analyzed: package resolution failed,unavailable,none produced by this build
sev_compiler/syntax/function/trait.sev,sev_compiler/syntax,yes,no,no direct block-graph integration identified,no dedicated block graph producer/consumer role identified; may support other compiler paths,not analyzed: package resolution failed,unavailable,none produced by this build
sev_compiler/syntax/grammar/contracts.sev,sev_compiler/syntax,yes,no,no direct block-graph integration identified,no dedicated block graph producer/consumer role identified; may support other compiler paths,not analyzed: package resolution failed,unavailable,none produced by this build
sev_compiler/syntax/grammar/grammar.sev,sev_compiler/syntax,yes,no,no direct block-graph integration identified,no dedicated block graph producer/consumer role identified; may support other compiler paths,not analyzed: package resolution failed,unavailable,none produced by this build
sev_compiler/syntax/primitive/array/array.sev,sev_compiler/syntax/primitive,yes,no,no direct block-graph integration identified,no dedicated block graph producer/consumer role identified; may support other compiler paths,not analyzed: package resolution failed,unavailable,none produced by this build
sev_compiler/syntax/primitive/array/storage.sev,sev_compiler/syntax/primitive,yes,no,no direct block-graph integration identified,no dedicated block graph producer/consumer role identified; may support other compiler paths,not analyzed: package resolution failed,unavailable,none produced by this build
sev_compiler/syntax/primitive/array/tests/characters.sev,sev_compiler/syntax/primitive,yes,no,test or example source,"separate fixture/example, not a normal-build source root",not analyzed: package resolution failed,unavailable,none produced by this build
sev_compiler/syntax/primitive/bool/bool.sev,sev_compiler/syntax/primitive,yes,no,no direct block-graph integration identified,no dedicated block graph producer/consumer role identified; may support other compiler paths,not analyzed: package resolution failed,unavailable,none produced by this build
sev_compiler/syntax/primitive/bytes/bytes.sev,sev_compiler/syntax/primitive,yes,no,no direct block-graph integration identified,no dedicated block graph producer/consumer role identified; may support other compiler paths,not analyzed: package resolution failed,unavailable,none produced by this build
sev_compiler/syntax/primitive/catalog.sev,sev_compiler/syntax/primitive,yes,yes,literal catalog,primitive descriptors,not analyzed: package resolution failed,unavailable,none produced by this build
sev_compiler/syntax/primitive/char/char.sev,sev_compiler/syntax/primitive,yes,no,no direct block-graph integration identified,no dedicated block graph producer/consumer role identified; may support other compiler paths,not analyzed: package resolution failed,unavailable,none produced by this build
sev_compiler/syntax/primitive/char/encoding.sev,sev_compiler/syntax/primitive,yes,no,no direct block-graph integration identified,no dedicated block graph producer/consumer role identified; may support other compiler paths,not analyzed: package resolution failed,unavailable,none produced by this build
sev_compiler/syntax/primitive/char/units.sev,sev_compiler/syntax/primitive,yes,no,no direct block-graph integration identified,no dedicated block graph producer/consumer role identified; may support other compiler paths,not analyzed: package resolution failed,unavailable,none produced by this build
sev_compiler/syntax/primitive/char/utf8.sev,sev_compiler/syntax/primitive,yes,no,no direct block-graph integration identified,no dedicated block graph producer/consumer role identified; may support other compiler paths,not analyzed: package resolution failed,unavailable,none produced by this build
sev_compiler/syntax/primitive/contract.sev,sev_compiler/syntax/primitive,yes,yes,literal contract,LiteralBinding and primitive metadata,not analyzed: package resolution failed,unavailable,none produced by this build
sev_compiler/syntax/primitive/declarations.sev,sev_compiler/syntax/primitive,yes,yes,literal declarations,source declarations define literal bindings,not analyzed: package resolution failed,unavailable,none produced by this build
sev_compiler/syntax/primitive/enum/enum.sev,sev_compiler/syntax/primitive,yes,no,no direct block-graph integration identified,no dedicated block graph producer/consumer role identified; may support other compiler paths,not analyzed: package resolution failed,unavailable,none produced by this build
sev_compiler/syntax/primitive/error/error.sev,sev_compiler/syntax/primitive,yes,no,no direct block-graph integration identified,no dedicated block graph producer/consumer role identified; may support other compiler paths,not analyzed: package resolution failed,unavailable,none produced by this build
sev_compiler/syntax/primitive/float/float.sev,sev_compiler/syntax/primitive,yes,no,no direct block-graph integration identified,no dedicated block graph producer/consumer role identified; may support other compiler paths,not analyzed: package resolution failed,unavailable,none produced by this build
sev_compiler/syntax/primitive/int/int.sev,sev_compiler/syntax/primitive,yes,no,no direct block-graph integration identified,no dedicated block graph producer/consumer role identified; may support other compiler paths,not analyzed: package resolution failed,unavailable,none produced by this build
sev_compiler/syntax/primitive/iterator/iterator.sev,sev_compiler/syntax/primitive,yes,no,no direct block-graph integration identified,no dedicated block graph producer/consumer role identified; may support other compiler paths,not analyzed: package resolution failed,unavailable,none produced by this build
sev_compiler/syntax/primitive/literal.sev,sev_compiler/syntax/primitive,yes,yes,literal resolution,literal_from_providers; consumed primitive dependencies registered by HIR API,not analyzed: package resolution failed,unavailable,none produced by this build
sev_compiler/syntax/primitive/number.sev,sev_compiler/syntax/primitive,yes,yes,no direct block-graph integration identified,no dedicated block graph producer/consumer role identified; may support other compiler paths,not analyzed: package resolution failed,unavailable,none produced by this build
sev_compiler/syntax/primitive/numeric/conversion.sev,sev_compiler/syntax/primitive,yes,no,no direct block-graph integration identified,no dedicated block graph producer/consumer role identified; may support other compiler paths,not analyzed: package resolution failed,unavailable,none produced by this build
sev_compiler/syntax/primitive/numeric/operators.sev,sev_compiler/syntax/primitive,yes,no,no direct block-graph integration identified,no dedicated block graph producer/consumer role identified; may support other compiler paths,not analyzed: package resolution failed,unavailable,none produced by this build
sev_compiler/syntax/primitive/numeric/power.sev,sev_compiler/syntax/primitive,yes,no,no direct block-graph integration identified,no dedicated block graph producer/consumer role identified; may support other compiler paths,not analyzed: package resolution failed,unavailable,none produced by this build
sev_compiler/syntax/primitive/pointer/pointer.sev,sev_compiler/syntax/primitive,yes,no,no direct block-graph integration identified,no dedicated block graph producer/consumer role identified; may support other compiler paths,not analyzed: package resolution failed,unavailable,none produced by this build
sev_compiler/syntax/primitive/primitive/src/lib.sev,sev_compiler/syntax/primitive,yes,yes,no direct block-graph integration identified,no dedicated block graph producer/consumer role identified; may support other compiler paths,not analyzed: package resolution failed,unavailable,none produced by this build
sev_compiler/syntax/primitive/primitive.sev,sev_compiler/syntax/primitive,yes,no,no direct block-graph integration identified,no dedicated block graph producer/consumer role identified; may support other compiler paths,not analyzed: package resolution failed,unavailable,none produced by this build
sev_compiler/syntax/primitive/string/core.sev,sev_compiler/syntax/primitive,yes,no,no direct block-graph integration identified,no dedicated block graph producer/consumer role identified; may support other compiler paths,not analyzed: package resolution failed,unavailable,none produced by this build
sev_compiler/syntax/primitive/string/format.sev,sev_compiler/syntax/primitive,yes,no,no direct block-graph integration identified,no dedicated block graph producer/consumer role identified; may support other compiler paths,not analyzed: package resolution failed,unavailable,none produced by this build
sev_compiler/syntax/primitive/string/intrinsics.sev,sev_compiler/syntax/primitive,yes,no,no direct block-graph integration identified,no dedicated block graph producer/consumer role identified; may support other compiler paths,not analyzed: package resolution failed,unavailable,none produced by this build
sev_compiler/syntax/primitive/string/methods.sev,sev_compiler/syntax/primitive,yes,no,no direct block-graph integration identified,no dedicated block graph producer/consumer role identified; may support other compiler paths,not analyzed: package resolution failed,unavailable,none produced by this build
sev_compiler/syntax/primitive/string/storage.sev,sev_compiler/syntax/primitive,yes,no,no direct block-graph integration identified,no dedicated block graph producer/consumer role identified; may support other compiler paths,not analyzed: package resolution failed,unavailable,none produced by this build
sev_compiler/syntax/primitive/string/string.sev,sev_compiler/syntax/primitive,yes,no,no direct block-graph integration identified,no dedicated block graph producer/consumer role identified; may support other compiler paths,not analyzed: package resolution failed,unavailable,none produced by this build
sev_compiler/syntax/primitive/string/string_lists.sev,sev_compiler/syntax/primitive,yes,no,no direct block-graph integration identified,no dedicated block graph producer/consumer role identified; may support other compiler paths,not analyzed: package resolution failed,unavailable,none produced by this build
sev_compiler/syntax/primitive/tuple/tuple.sev,sev_compiler/syntax/primitive,yes,no,no direct block-graph integration identified,no dedicated block graph producer/consumer role identified; may support other compiler paths,not analyzed: package resolution failed,unavailable,none produced by this build
sev_compiler/syntax/primitive/units/units.sev,sev_compiler/syntax/primitive,yes,no,no direct block-graph integration identified,no dedicated block graph producer/consumer role identified; may support other compiler paths,not analyzed: package resolution failed,unavailable,none produced by this build
sev_compiler/syntax/sentence/sentence.sev,sev_compiler/syntax,yes,yes,no direct block-graph integration identified,no dedicated block graph producer/consumer role identified; may support other compiler paths,not analyzed: package resolution failed,unavailable,none produced by this build
sev_compiler/syntax/sentence/syntax.sev,sev_compiler/syntax,yes,no,no direct block-graph integration identified,no dedicated block graph producer/consumer role identified; may support other compiler paths,not analyzed: package resolution failed,unavailable,none produced by this build
sev_compiler/syntax/symbol/symbol.sev,sev_compiler/syntax,yes,yes,no direct block-graph integration identified,no dedicated block graph producer/consumer role identified; may support other compiler paths,not analyzed: package resolution failed,unavailable,none produced by this build
sev_compiler/syntax/syntax/src/lib.sev,sev_compiler/syntax,yes,yes,no direct block-graph integration identified,no dedicated block graph producer/consumer role identified; may support other compiler paths,not analyzed: package resolution failed,unavailable,none produced by this build
sev_compiler/syntax/type/annotation.sev,sev_compiler/syntax,yes,yes,no direct block-graph integration identified,no dedicated block graph producer/consumer role identified; may support other compiler paths,not analyzed: package resolution failed,unavailable,none produced by this build
sev_compiler/syntax/type/integer_spelling.sev,sev_compiler/syntax,yes,no,no direct block-graph integration identified,no dedicated block graph producer/consumer role identified; may support other compiler paths,not analyzed: package resolution failed,unavailable,none produced by this build
sev_compiler/syntax/type/scalar_conversion.sev,sev_compiler/syntax,yes,no,no direct block-graph integration identified,no dedicated block graph producer/consumer role identified; may support other compiler paths,not analyzed: package resolution failed,unavailable,none produced by this build
sev_compiler/syntax/type/slice_bounds.sev,sev_compiler/syntax,yes,no,no direct block-graph integration identified,no dedicated block graph producer/consumer role identified; may support other compiler paths,not analyzed: package resolution failed,unavailable,none produced by this build
sev_compiler/syntax/type/storage.sev,sev_compiler/syntax,yes,no,no direct block-graph integration identified,no dedicated block graph producer/consumer role identified; may support other compiler paths,not analyzed: package resolution failed,unavailable,none produced by this build
sev_compiler/syntax/type/system.sev,sev_compiler/syntax,yes,yes,no direct block-graph integration identified,no dedicated block graph producer/consumer role identified; may support other compiler paths,not analyzed: package resolution failed,unavailable,none produced by this build
sev_compiler/syntax/type/tagged.sev,sev_compiler/syntax,yes,no,no direct block-graph integration identified,no dedicated block graph producer/consumer role identified; may support other compiler paths,not analyzed: package resolution failed,unavailable,none produced by this build
sev_compiler/syntax/type/type.sev,sev_compiler/syntax,yes,yes,no direct block-graph integration identified,no dedicated block graph producer/consumer role identified; may support other compiler paths,not analyzed: package resolution failed,unavailable,none produced by this build
